{"train/loss": 0.8993, "train/learning_rate": 1.4526875204159148e-05, "train/epoch": 1.11, "train/global_step": 1804, "_timestamp": 1680703541.6497738, "_runtime": 7251.660299777985, "_step": 1803}