{"train/loss": 1.7532, "train/learning_rate": 6.666666666666667e-09, "train/epoch": 0.0, "train/global_step": 10, "_timestamp": 1680511875.7676804, "_runtime": 165.85234451293945, "_step": 9}