{"train/loss": 1.7956, "train/learning_rate": 3.3333333333333334e-09, "train/epoch": 0.0, "train/global_step": 5, "_timestamp": 1680511003.5880404, "_runtime": 97.65605640411377, "_step": 4}