{"train/loss": 0.7232, "train/learning_rate": 0.0, "train/epoch": 3.0, "train/global_step": 4875, "_timestamp": 1680474712.839351, "_runtime": 32571.63668489456, "_step": 4875, "train/train_runtime": 32575.1133, "train/train_samples_per_second": 4.789, "train/train_steps_per_second": 0.15, "train/total_flos": 4.0095203799649485e+17, "train/train_loss": 0.8236901242243938, "_wandb": {"runtime": 32582}}