{"train/loss": 1.8036, "train/learning_rate": 1.3333333333333335e-09, "train/epoch": 0.0, "train/global_step": 2, "_timestamp": 1680512370.931534, "_runtime": 56.77819609642029, "_step": 1}