{"train/loss": 0.9891, "train/learning_rate": 0.0, "train/epoch": 3.0, "train/global_step": 4875, "_timestamp": 1680430708.1518393, "_runtime": 13240.250758171082, "_step": 4875, "train/train_runtime": 13246.7012, "train/train_samples_per_second": 11.777, "train/train_steps_per_second": 0.368, "train/total_flos": 6.134657665822884e+17, "train/train_loss": 0.9463624626184122, "_wandb": {"runtime": 13247}}