{"train/loss": 1.6567, "train/learning_rate": 2.1466666666666666e-07, "train/epoch": 0.0, "train/global_step": 322, "_timestamp": 1680517261.899143, "_runtime": 4655.7012848854065, "_step": 321}