{"train/loss": 1.6757, "train/learning_rate": 7.933333333333335e-07, "train/epoch": 0.0, "train/global_step": 119, "_timestamp": 1680776427.9501781, "_runtime": 1551.5103311538696, "_step": 118}