{"train/loss": 1.1289, "train/learning_rate": 1.1891891891891894e-05, "train/epoch": 0.05, "train/global_step": 44, "_timestamp": 1680404919.7574885, "_runtime": 229.58565855026245, "_step": 43}