{"train/loss": 0.8717, "train/learning_rate": 0.0, "train/epoch": 3.0, "train/global_step": 2436, "_timestamp": 1680416899.9504929, "_runtime": 11785.433299779892, "_step": 2436, "train/train_runtime": 11788.6669, "train/train_samples_per_second": 13.234, "train/train_steps_per_second": 0.207, "train/total_flos": 6.131409472821658e+17, "train/train_loss": 0.9652698991823274, "_wandb": {"runtime": 11796}}