{"train/loss": 1.8235, "train/learning_rate": 8.200000000000002e-08, "train/epoch": 0.0, "train/global_step": 123, "_timestamp": 1680591341.4174213, "_runtime": 1767.7643632888794, "_step": 122}